Barcode,Cluster
AAACCTGAGCTTATCG-1,2
AAACCTGGTTGAGTTC-1,2
AAACCTGTCAACGAAA-1,2
AAACCTGTCTCATTCA-1,1
AAACGGGCACAGGTTT-1,2
AAACGGGCACTCAGGC-1,4
AAACGGGTCATTTGGG-1,2
AAACGGGTCCTCATTA-1,3
AAAGATGAGGTACTCT-1,2
AAAGCAAAGACAGACC-1,1
AAAGCAAAGGTACTCT-1,2
AAAGCAACAAAGTCAA-1,1
AAAGCAAGTGATGATA-1,1
AAAGCAAGTTCCTCCA-1,3
AAAGTAGCAGCGTAAG-1,3
AAAGTAGGTGTTCGAT-1,1
AAAGTAGTCCGCAGTG-1,1
AAATGCCCAAAGGTGC-1,1
AAATGCCCACTTACGA-1,2
AAATGCCGTACCTACA-1,1
AACACGTCAAGTCTAC-1,3
AACACGTCAGACAGGT-1,1
AACACGTGTCGCTTCT-1,3
AACCATGAGAGGTACC-1,1
AACCGCGAGGACCACA-1,1
AACCGCGCAGGATCGA-1,3
AACCGCGGTCATGCAT-1,1
AACGTTGAGGGAGTAA-1,1
AACGTTGTCCACGTGG-1,2
AACGTTGTCTGCCAGG-1,3
AACTCAGCAATGGTCT-1,3
AACTCAGGTAAATGTG-1,2
AACTCAGTCGACGGAA-1,3
AACTCTTGTGAGCGAT-1,1
AACTCTTGTTGGTGGA-1,2
AACTCTTTCAGTTTGG-1,1
AACTGGTAGAGAGCTC-1,1
AACTGGTCAGTCCTTC-1,2
AACTGGTGTCAATGTC-1,1
AACTTTCCACAGACTT-1,1
AACTTTCGTCCGTCAG-1,1
AAGACCTCACAGGTTT-1,1
AAGACCTGTGTTCGAT-1,2
AAGCCGCAGAACAACT-1,1
AAGCCGCAGTTCGCAT-1,3
AAGGAGCGTCTTCGTC-1,1
AAGGAGCGTCTTTCAT-1,2
AAGGAGCGTGCACTTA-1,1
AAGGTTCTCTTCGAGA-1,3
AAGTCTGAGTAGGTGC-1,2
AAGTCTGGTAAATACG-1,1
AAGTCTGGTCCAGTGC-1,2
AAGTCTGTCTACTATC-1,1
AATCCAGCATCCCACT-1,2
AATCGGTCAAGTCTAC-1,1
AATCGGTCAGGGAGAG-1,4
AATCGGTGTATAGTAG-1,4
ACACCAAAGAGCAATT-1,1
ACACCAACAAGCGATG-1,1
ACACCAATCGCTTAGA-1,3
ACACCCTCAACACCTA-1,2
ACACCCTGTAGGACAC-1,3
ACACCCTTCCATTCTA-1,2
ACACCCTTCTTAGAGC-1,1
ACACCGGAGAAGGCCT-1,2
ACACCGGAGTATCTCG-1,1
ACACCGGAGTCCGGTC-1,2
ACACTGAAGTCTCAAC-1,1
ACACTGAGTGCGGTAA-1,1
ACACTGATCCACGTGG-1,1
ACAGCCGAGAGAGCTC-1,2
ACAGCCGAGCTACCTA-1,2
ACAGCCGGTTTGCATG-1,3
ACAGCTAAGGACATTA-1,1
ACAGCTACAATCGGTT-1,2
ACATACGAGAAGGCCT-1,3
ACATACGAGAGCTATA-1,2
ACATACGAGATGGGTC-1,3
ACATCAGCATCGGACC-1,1
ACATGGTAGACGCAAC-1,1
ACATGGTCAGCATACT-1,1
ACATGGTCATCAGTCA-1,2
ACATGGTGTGCATCTA-1,1
ACATGGTTCTGCCCTA-1,1
ACCAGTAAGATATGGT-1,4
ACCGTAAGTGCAGTAG-1,1
ACCGTAATCAAACGGG-1,3
ACCGTAATCCGCATCT-1,3
ACCTTTACAGACGCTC-1,4
ACGAGCCGTTAAGATG-1,1
ACGAGCCTCCTGCAGG-1,2
ACGAGGAAGATCCGAG-1,2
ACGAGGACAGACAGGT-1,2
ACGAGGAGTACCGTTA-1,2
ACGAGGAGTCCGTTAA-1,1
ACGAGGAGTGATGCCC-1,2
ACGAGGATCTGGCGAC-1,1
ACGATACGTAGCGTGA-1,2
ACGATGTCATTCGACA-1,1
ACGATGTTCCTGCAGG-1,3
ACGCCAGAGCCAGGAT-1,1
ACGCCAGTCACGCGGT-1,4
ACGCCGAAGACCTTTG-1,4
ACGCCGACACCCATTC-1,4
ACGCCGAGTACTCAAC-1,3
ACGCCGAGTCTAGCGC-1,2
ACGCCGAGTCTCCACT-1,2
ACGGAGACAATGGAGC-1,3
ACGGAGACATCTACGA-1,3
ACGGAGAGTTATCACG-1,2
ACGGGTCTCTCTTGAT-1,3
ACTATCTAGGTGCACA-1,2
ACTATCTGTAAATGAC-1,1
ACTGAACGTGGGTCAA-1,2
ACTGAGTAGCCAACAG-1,1
ACTGATGAGAGCTTCT-1,2
ACTGATGCAATGGAGC-1,2
ACTGATGCATGACGGA-1,2
ACTGCTCAGTGCGATG-1,1
ACTGCTCCACAGACAG-1,4
ACTGCTCCAGACACTT-1,1
ACTGTCCGTGGACGAT-1,1
ACTTACTAGCGTTTAC-1,2
ACTTACTAGTCTTGCA-1,1
ACTTACTCACGACGAA-1,3
ACTTACTGTCTCTTTA-1,2
ACTTACTTCCTTGGTC-1,4
ACTTGTTAGCGATGAC-1,1
ACTTGTTAGGGCTTCC-1,3
ACTTGTTCATGCAACT-1,1
ACTTTCATCCAGTATG-1,2
AGAATAGAGGGAAACA-1,3
AGAATAGGTATGGTTC-1,2
AGAATAGGTGTCTGAT-1,3
AGAATAGGTTCCGGCA-1,2
AGAGTGGAGGTTACCT-1,2
AGAGTGGTCCTAGTGA-1,2
AGATCTGAGACATAAC-1,3
AGATCTGTCTGATTCT-1,1
AGCAGCCAGCTATGCT-1,2
AGCAGCCGTTACCGAT-1,3
AGCAGCCTCCTAAGTG-1,1
AGCATACGTTCGTTGA-1,2
AGCCTAAAGAGGTAGA-1,3
AGCGGTCAGCGTGAAC-1,2
AGCGGTCTCCGTAGGC-1,3
AGCGGTCTCGTACGGC-1,3
AGCGTATAGTCATGCT-1,1
AGCGTATAGTGCGATG-1,2
AGCGTATCAATGAATG-1,3
AGCGTATGTTAAGGGC-1,3
AGCGTCGAGCCGGTAA-1,3
AGCTCCTAGTTAGGTA-1,2
AGCTCCTCATCGGGTC-1,2
AGCTCCTGTTGAGTTC-1,2
AGCTCTCAGGTGACCA-1,3
AGCTCTCGTACTCTCC-1,1
AGCTCTCGTATAATGG-1,1
AGCTTGACACAAGACG-1,3
AGGCCACGTAGCAAAT-1,4
AGGCCGTCACGGCGTT-1,2
AGGCCGTGTTATGTGC-1,2
AGGGAGTGTCGGCTCA-1,2
AGGGAGTTCGAATGCT-1,1
AGGGATGAGATGTAAC-1,2
AGGGATGTCAACGAAA-1,1
AGGGTGATCATCGCTC-1,4
AGGTCATAGAGGGATA-1,1
AGGTCATAGTACGATA-1,1
AGGTCATAGTAGCGGT-1,3
AGGTCCGAGAGCTTCT-1,2
AGTAGTCAGGAGTACC-1,1
AGTAGTCCAGGCTCAC-1,3
AGTAGTCTCGGATGTT-1,1
AGTCTTTAGACATAAC-1,2
AGTCTTTAGGAGCGTT-1,2
AGTCTTTCACAGACTT-1,2
AGTCTTTGTCAGAATA-1,2
AGTGAGGCAGATGGGT-1,1
AGTGAGGGTCCATGAT-1,2
AGTGAGGGTGGAAAGA-1,3
AGTGAGGGTTTGGCGC-1,2
AGTGAGGTCAGCTTAG-1,1
AGTGAGGTCCGCTGTT-1,1
AGTGGGACAATGCCAT-1,1
AGTGGGACAATGGTCT-1,2
AGTGGGACATCTCGCT-1,3
AGTGGGATCATCTGTT-1,1
AGTGGGATCCTGCAGG-1,3
AGTGTCAGTGAGTGAC-1,1
AGTGTCAGTGTGCCTG-1,3
AGTGTCAGTTACGGAG-1,1
AGTGTCATCCCTAATT-1,1
AGTTGGTGTAAGGGCT-1,3
AGTTGGTTCAGCTTAG-1,1
AGTTGGTTCCCTCTTT-1,3
ATAACGCAGTCCAGGA-1,1
ATAACGCTCACTCCTG-1,4
ATAACGCTCCGGGTGT-1,3
ATAAGAGAGAAACCGC-1,2
ATAAGAGAGAATGTTG-1,1
ATAAGAGTCGCATGGC-1,1
ATAGACCCAGTCAGAG-1,2
ATAGACCGTTCCACGG-1,3
ATAGACCTCCCATTAT-1,2
ATCACGACAAATCCGT-1,1
ATCACGATCTTCGAGA-1,3
ATCACGATCTTGTACT-1,2
ATCATCTAGGTAGCTG-1,2
ATCATCTCAGATGGGT-1,4
ATCATCTGTACCCAAT-1,4
ATCATCTGTCCCTACT-1,3
ATCATGGGTTCGTCTC-1,2
ATCCACCAGAAACGCC-1,1
ATCCACCAGCTAACAA-1,2
ATCCACCAGTCTCAAC-1,2
ATCCACCCAGTACACT-1,1
ATCCACCCATTTCAGG-1,1
ATCCACCGTGTTTGTG-1,2
ATCCACCGTTATCACG-1,2
ATCCGAACACGGCGTT-1,1
ATCCGAACATGGATGG-1,1
ATCCGAATCTTCCTTC-1,2
ATCGAGTCACAGCGTC-1,1
ATCTACTCACGGTAGA-1,1
ATCTACTTCTTTAGGG-1,1
ATCTGCCAGACAGGCT-1,1
ATCTGCCGTGATGCCC-1,2
ATCTGCCGTTACGACT-1,3
ATCTGCCTCGATCCCT-1,1
ATGAGGGCATCCTTGC-1,3
ATGCGATAGACAGGCT-1,3
ATGGGAGGTGCTCTTC-1,1
ATGGGAGTCTTGAGAC-1,1
ATGTGTGCATCAGTAC-1,2
ATGTGTGTCTCCAGGG-1,3
ATTACTCGTGCCTTGG-1,3
ATTATCCAGGCTACGA-1,2
ATTATCCGTGCAACGA-1,1
ATTATCCGTGTGTGCC-1,2
ATTATCCGTTCTGGTA-1,3
ATTCTACAGTGTTAGA-1,2
ATTCTACCATGAAGTA-1,1
ATTCTACTCGGCGGTT-1,3
ATTGGTGGTAGAGCTG-1,2
ATTTCTGGTGAGGCTA-1,3
ATTTCTGTCCTGCTTG-1,2
CAACCAAAGCAATATG-1,2
CAACCAAAGGACGAAA-1,2
CAACCTCAGATCGATA-1,2
CAACTAGAGTTGAGAT-1,4
CAACTAGGTCCAAGTT-1,2
CAACTAGTCAACACCA-1,1
CAACTAGTCAGGCAAG-1,2
CAACTAGTCGCTGATA-1,1
CAAGAAAAGAACTCGG-1,1
CAAGAAACACGTCTCT-1,1
CAAGAAATCGCTAGCG-1,1
CAAGGCCAGAGCCCAA-1,2
CAAGGCCAGCGAAGGG-1,3
CAAGGCCAGTACCGGA-1,4
CAAGGCCGTTGAGGTG-1,2
CAAGGCCTCCTAAGTG-1,3
CAAGTTGTCTGTTTGT-1,3
CACAAACCACACGCTG-1,1
CACAAACGTTTGTGTG-1,1
CACAAACTCCTGCTTG-1,3
CACACAAAGAGATGAG-1,3
CACACAAGTGTCTGAT-1,3
CACACCTTCTTCGAGA-1,2
CACACTCAGGATATAC-1,3
CACACTCGTGGTCCGT-1,1
CACACTCTCGCGCCAA-1,2
CACACTCTCGTTGCCT-1,1
CACACTCTCTGAGGGA-1,1
CACAGGCAGGGATGGG-1,2
CACAGGCCATCGTCGG-1,3
CACAGGCGTCGCATAT-1,2
CACAGTATCTTGTATC-1,3
CACATAGAGTACGCGA-1,4
CACATAGGTAGCCTCG-1,1
CACATAGGTCACTTCC-1,2
CACATTTCACCATCCT-1,1
CACATTTTCGCAAACT-1,1
CACCACTAGCTATGCT-1,4
CACCACTCAAACTGCT-1,2
CACCACTCAAACTGTC-1,1
CACCACTGTTCAGTAC-1,1
CACCACTTCTACTATC-1,3
CACCAGGCAGCCTTTC-1,1
CACCAGGTCACATAGC-1,2
CACCTTGAGGCTCATT-1,1
CACCTTGAGTGTTGAA-1,1
CACCTTGCAGCTGTGC-1,1
CACCTTGCATGGTCAT-1,2
CACTCCACAGTATAAG-1,1
CACTCCATCATAAAGG-1,2
CACTCCATCGCGGATC-1,1
CAGAATCGTGCTGTAT-1,3
CAGAATCGTTGAGGTG-1,2
CAGAGAGCAGGACCCT-1,1
CAGATCACATAGACTC-1,1
CAGATCATCAAGCCTA-1,3
CAGCAGCAGCGATCCC-1,3
CAGCAGCAGTATGACA-1,1
CAGCAGCCAAGCCATT-1,3
CAGCAGCGTTCACCTC-1,1
CAGCAGCTCACCTCGT-1,1
CAGCCGAAGAACTCGG-1,1
CAGCCGAAGAGGTTAT-1,3
CAGCCGACAGCTGTAT-1,1
CAGCCGATCATCTGTT-1,4
CAGCGACGTAATTGGA-1,2
CAGCTAAGTAAGTAGT-1,2
CAGCTAAGTATGAATG-1,1
CAGCTAAGTATTCGTG-1,2
CAGCTGGCAACAACCT-1,2
CAGCTGGGTCTTGATG-1,3
CAGTAACAGCAGCCTC-1,3
CAGTCCTCACTACAGT-1,1
CAGTCCTCAGACGCCT-1,3
CATATGGCACCAGTTA-1,1
CATATGGTCAACCAAC-1,2
CATATTCAGATGGGTC-1,1
CATATTCCAAGACGTG-1,3
CATATTCGTCGAATCT-1,1
CATATTCGTCTCACCT-1,3
CATATTCTCGCTTGTC-1,2
CATCAAGCACGTGAGA-1,3
CATCAAGCATTTGCCC-1,1
CATCCACCACAGTCGC-1,2
CATCCACCATTCGACA-1,1
CATCGAAAGTAGCGGT-1,3
CATCGAACAGTGAGTG-1,1
CATCGAACAGTGGGAT-1,1
CATCGGGAGAGAGCTC-1,2
CATGCCTCAAGCTGGA-1,3
CATGCCTCATACGCTA-1,3
CATGCCTGTAAACACA-1,4
CATGCCTGTGGCGAAT-1,3
CATGGCGAGGTGATTA-1,1
CATGGCGTCAGTACGT-1,2
CATTATCCAGGAACGT-1,1
CATTATCCATCAGTAC-1,2
CATTATCGTTAGTGGG-1,1
CATTATCGTTTGCATG-1,1
CATTATCTCTGGTGTA-1,3
CATTCGCAGATGTGTA-1,1
CATTCGCGTTCCCTTG-1,2
CATTCGCTCCGATATG-1,1
CCAATCCAGTGAATTG-1,2
CCAATCCCAACGCACC-1,1
CCAATCCGTCTTCGTC-1,2
CCAATCCGTTTCCACC-1,2
CCAATCCTCTGTCTAT-1,6
CCACCTAAGACTAGGC-1,1
CCACCTACAGACGTAG-1,2
CCACCTAGTATGGTTC-1,1
CCACCTATCTACCAGA-1,3
CCACTACAGCCGTCGT-1,1
CCAGCGAGTCTCTTTA-1,3
CCAGCGAGTTGTCTTT-1,1
CCAGCGATCCAGAGGA-1,4
CCATGTCAGATCCTGT-1,3
CCATGTCCAATAACGA-1,2
CCATGTCGTGATGTCT-1,2
CCATTCGAGTCTTGCA-1,2
CCATTCGCACTCAGGC-1,3
CCATTCGTCGCGGATC-1,2
CCCAATCAGTACGCGA-1,2
CCCAATCCACATCCGG-1,1
CCCAATCGTATTACCG-1,1
CCCAGTTAGAGTTGGC-1,2
CCCAGTTGTCTAGGTT-1,3
CCCAGTTTCATGTGGT-1,3
CCCAGTTTCGCAGGCT-1,2
CCCAGTTTCGCCTGAG-1,3
CCCAGTTTCTCGGACG-1,2
CCCATACAGTGACATA-1,3
CCCTCCTCAATGGATA-1,1
CCCTCCTGTACCATCA-1,3
CCCTCCTGTTGCCTCT-1,1
CCGGGATCATCCGGGT-1,4
CCGGGATGTACTTAGC-1,1
CCGGTAGGTGAGCGAT-1,1
CCGGTAGTCCAAGTAC-1,2
CCGTACTAGAGCAATT-1,3
CCGTACTCAGACGCTC-1,3
CCGTACTTCTTAACCT-1,1
CCGTGGAAGGTAAACT-1,2
CCGTGGATCACGCATA-1,5
CCTAAAGGTCTTCTCG-1,3
CCTACCAAGAGAGCTC-1,1
CCTACCACAATGGACG-1,1
CCTAGCTCATTCCTCG-1,2
CCTAGCTGTAGCGTCC-1,1
CCTATTAGTATAAACG-1,1
CCTCAGTCATCTCGCT-1,2
CCTCAGTCATTACGAC-1,1
CCTCTGAAGTGGGCTA-1,1
CCTCTGACAGGTTTCA-1,3
CCTCTGATCACGCATA-1,2
CCTTACGAGTGTGAAT-1,2
CCTTACGGTACGAAAT-1,3
CCTTCCCGTACTCAAC-1,2
CCTTCGACAAAGGCGT-1,1
CCTTCGATCACATACG-1,1
CCTTCGATCCTTTACA-1,1
CCTTTCTAGATGTTAG-1,1
CCTTTCTGTGATAAGT-1,3
CCTTTCTTCTGCGTAA-1,3
CGAACATAGTCAAGCG-1,2
CGAATGTAGACTAGGC-1,3
CGAATGTAGGTGGGTT-1,2
CGAATGTGTTGTTTGG-1,2
CGAATGTTCGCCCTTA-1,3
CGAATGTTCGTCTGAA-1,2
CGACCTTTCTGGTTCC-1,2
CGACTTCCAGCTATTG-1,1
CGACTTCGTTGGTAAA-1,3
CGAGAAGAGAGTACCG-1,2
CGAGAAGCACTTAAGC-1,1
CGAGAAGCAGCTTCGG-1,2
CGAGCACCAAGAGGCT-1,2
CGAGCACCATCAGTCA-1,2
CGAGCACGTCTGCGGT-1,3
CGAGCACGTGCAACGA-1,1
CGAGCACTCATAGCAC-1,3
CGAGCCAAGAACTGTA-1,2
CGAGCCACAATGAATG-1,1
CGAGCCACAATGGATA-1,2
CGAGCCACAGCCTGTG-1,1
CGATCGGGTAGCGATG-1,1
CGATGGCAGTGCCATT-1,1
CGATGGCCATGACGGA-1,3
CGATGGCGTCTGCAAT-1,3
CGATGTATCATAAAGG-1,3
CGATTGAAGACGACGT-1,2
CGATTGAGTCCAAGTT-1,7
CGCCAAGCATGACGGA-1,3
CGCGGTAAGTGCTGCC-1,3
CGCGGTACACGACGAA-1,2
CGCGGTATCAACGGGA-1,4
CGCGTTTAGGGTTCCC-1,1
CGCGTTTGTAGCTCCG-1,1
CGCGTTTTCACAAACC-1,3
CGCTATCTCAGCTGGC-1,1
CGCTGGACACAGTCGC-1,2
CGCTGGACATCTGGTA-1,4
CGCTGGATCTCGATGA-1,2
CGCTTCAAGCTAGTGG-1,1
CGCTTCACATTTCACT-1,3
CGCTTCAGTTAAGAAC-1,1
CGCTTCATCTCAACTT-1,1
CGGACACGTCATACTG-1,1
CGGACACTCCCAACGG-1,1
CGGACACTCGCACTCT-1,1
CGGACGTAGACAAAGG-1,1
CGGACGTCACTTACGA-1,1
CGGACGTGTACATGTC-1,3
CGGACGTTCAGCTCTC-1,2
CGGACTGAGCTAGTTC-1,3
CGGACTGCAGTAACGG-1,1
CGGACTGGTGGTTTCA-1,4
CGGACTGTCCTTTCGG-1,2
CGGACTGTCTCGATGA-1,3
CGGAGCTGTAGCTGCC-1,2
CGGAGTCAGGCGCTCT-1,2
CGGAGTCAGGGTGTTG-1,2
CGGAGTCTCCAAACAC-1,3
CGGCTAGCAGCCAATT-1,3
CGGCTAGCATCCGTGG-1,1
CGGCTAGTCTGATACG-1,1
CGGGTCAAGTCGTTTG-1,3
CGGGTCAGTATCACCA-1,1
CGGGTCATCACGCATA-1,2
CGGGTCATCTGCCAGG-1,1
CGGGTCATCTTGCATT-1,2
CGGTTAAAGGTGCTAG-1,2
CGGTTAATCGAACTGT-1,2
CGGTTAATCTTACCGC-1,1
CGTAGCGAGCGATTCT-1,3
CGTAGCGCAAGCCATT-1,2
CGTAGGCTCGAATCCA-1,1
CGTCACTAGTGACTCT-1,3
CGTCAGGAGTGACTCT-1,1
CGTCAGGCATTCCTCG-1,3
CGTCAGGGTCTGATCA-1,2
CGTCAGGGTGCTGTAT-1,1
CGTCCATAGTGGTAGC-1,2
CGTCCATGTACCCAAT-1,1
CGTCCATTCTGAAAGA-1,2
CGTCTACAGCGATTCT-1,3
CGTCTACGTAGCGTGA-1,2
CGTCTACGTGGTAACG-1,1
CGTCTACTCACAAACC-1,3
CGTCTACTCGAGAGCA-1,2
CGTGAGCGTATGAATG-1,3
CGTGAGCGTTCCCGAG-1,3
CGTGTAACAAGTAGTA-1,2
CGTGTAAGTGTGAAAT-1,2
CGTGTCTAGCACAGGT-1,1
CGTGTCTCACCTGGTG-1,3
CGTGTCTGTATATCCG-1,1
CGTGTCTTCCTCTAGC-1,2
CGTTCTGCAGACGCTC-1,2
CGTTCTGTCGTCCAGG-1,1
CGTTGGGAGCAGACTG-1,1
CGTTGGGCAATCCGAT-1,1
CGTTGGGGTACCCAAT-1,2
CGTTGGGTCACTTATC-1,1
CGTTGGGTCGGAAACG-1,1
CTAACTTAGACCGGAT-1,1
CTAACTTCAAAGTGCG-1,2
CTAACTTCAACTGCGC-1,3
CTAACTTCACATCTTT-1,1
CTAACTTCAGTGGAGT-1,3
CTAAGACAGGGAGTAA-1,3
CTAAGACCAAGACACG-1,2
CTAAGACCAAGTCTAC-1,1
CTAAGACCAATAGCAA-1,1
CTAAGACTCCACGAAT-1,1
CTAATGGCACGAAGCA-1,3
CTAATGGCATGCCTAA-1,1
CTACACCCATGGTCAT-1,3
CTACACCGTCCGAATT-1,4
CTACACCGTCCGTGAC-1,2
CTACACCTCGCCGTGA-1,1
CTACACCTCGTGGACC-1,1
CTACATTCATTACGAC-1,3
CTACATTGTGACGCCT-1,3
CTACATTTCCATGCTC-1,2
CTACCCACAACGATCT-1,1
CTACCCAGTACCCAAT-1,1
CTACCCAGTGTGAAAT-1,1
CTACCCAGTTCCGTCT-1,1
CTACCCATCGGCGCAT-1,1
CTACGTCAGCAGCCTC-1,3
CTACGTCAGGGAAACA-1,1
CTACGTCCAGCGTCCA-1,2
CTACGTCTCAACGAAA-1,1
CTAGAGTTCGCAAACT-1,3
CTAGCCTAGACAGAGA-1,1
CTAGCCTGTCGAATCT-1,3
CTAGCCTGTTTACTCT-1,1
CTCACACAGAGGTACC-1,1
CTCACACCATATACGC-1,2
CTCACACCATTACGAC-1,2
CTCACACGTCAGATAA-1,2
CTCACACTCAAAGTAG-1,2
CTCAGAACATCTCGCT-1,3
CTCAGAATCATCGCTC-1,2
CTCATTAGTGTCGCTG-1,3
CTCCTAGAGTAGGTGC-1,4
CTCGAAAGTCAGCTAT-1,3
CTCGAAAGTTTACTCT-1,3
CTCGAAATCGGCCGAT-1,3
CTCGAGGAGCATGGCA-1,2
CTCGAGGGTGCTTCTC-1,2
CTCGGAGGTCCAACTA-1,1
CTCGGAGGTCGATTGT-1,2
CTCGGAGTCAACGCTA-1,1
CTCGGGAGTCATGCAT-1,1
CTCGTACCAGGTGCCT-1,2
CTCGTACGTCCGAATT-1,3
CTCGTCACAAGCCTAT-1,1
CTCGTCACAGCTCGAC-1,2
CTCGTCAGTATTCGTG-1,3
CTCGTCAGTGCATCTA-1,1
CTCGTCATCCTAGTGA-1,1
CTCTAATGTGTTTGGT-1,3
CTCTAATTCAGGTTCA-1,4
CTCTAATTCAGTTAGC-1,3
CTCTAATTCTATCGCC-1,2
CTCTACGCAGGGTTAG-1,2
CTCTACGGTAACGTTC-1,2
CTCTACGGTCGTGGCT-1,1
CTCTGGTAGTGGTAAT-1,4
CTCTGGTCAAGTCATC-1,2
CTCTGGTCATCACAAC-1,2
CTCTGGTTCACGCATA-1,3
CTCTGGTTCTGAAAGA-1,1
CTGAAACAGTCCTCCT-1,3
CTGAAACCACGACGAA-1,1
CTGAAACTCTTACCTA-1,3
CTGAAGTCATGCCTTC-1,1
CTGAAGTCATTAGGCT-1,2
CTGAAGTTCGCCCTTA-1,1
CTGATAGAGGCATGGT-1,1
CTGATAGGTAGCTGCC-1,1
CTGATAGTCTGTTTGT-1,4
CTGATCCGTTGTCTTT-1,2
CTGCCTAGTCGAAAGC-1,1
CTGCCTATCTGCTGTC-1,2
CTGCGGAGTTACGGAG-1,3
CTGCTGTGTACCGTAT-1,2
CTGCTGTTCATGTAGC-1,2
CTGCTGTTCGCTTAGA-1,1
CTGTGCTAGTCTCCTC-1,1
CTGTGCTCAGGTCCAC-1,1
CTGTTTAAGGCAGGTT-1,1
CTTAACTAGCCCGAAA-1,3
CTTAACTCAAAGAATC-1,2
CTTAACTCAAAGGAAG-1,2
CTTAACTCATGTCTCC-1,2
CTTAACTTCGGTCTAA-1,3
CTTACCGCACACGCTG-1,2
CTTACCGCAGTCCTTC-1,2
CTTCTCTCACATCCGG-1,1
CTTCTCTCATGCAATC-1,2
CTTCTCTGTAAGTGGC-1,1
CTTGGCTCACCAGATT-1,2
CTTTGCGAGTTTCCTT-1,1
CTTTGCGCAAGTAATG-1,2
CTTTGCGCACCAGCAC-1,1
CTTTGCGGTACTTCTT-1,3
CTTTGCGGTCTAAAGA-1,2
CTTTGCGTCTCAACTT-1,2
CTTTGCGTCTCCAGGG-1,2
GAAACTCAGAGCAATT-1,2
GAAATGAAGATGGGTC-1,2
GAAATGAGTACCTACA-1,1
GAACATCAGCCACGCT-1,2
GAACATCCAAACTGCT-1,3
GAACATCGTACCGTAT-1,1
GAACATCGTCAGAATA-1,1
GAACCTAAGTAATCCC-1,1
GAACCTAAGTTAGCGG-1,1
GAACCTATCTTGTCAT-1,1
GAACGGAAGAAACCGC-1,1
GAACGGATCTGATACG-1,1
GAAGCAGAGGAGCGAG-1,1
GAAGCAGAGTCAAGGC-1,3
GAAGCAGGTCAAAGAT-1,4
GAATAAGCAAACTGCT-1,1
GAATAAGGTACGAAAT-1,2
GAATGAATCCATGAGT-1,2
GACACGCCATCCCATC-1,1
GACACGCCATGCATGT-1,3
GACACGCGTACCGTAT-1,2
GACACGCTCTCTTATG-1,4
GACAGAGCAATTGCTG-1,3
GACAGAGGTGCGAAAC-1,1
GACAGAGTCACCGTAA-1,3
GACCAATAGACAAGCC-1,3
GACCAATGTAGGAGTC-1,2
GACCAATGTTATCCGA-1,3
GACCAATTCCTCAATT-1,2
GACGCGTAGCGATGAC-1,2
GACGCGTCAAGCGCTC-1,2
GACGCGTGTACGACCC-1,3
GACGCGTGTGGTCTCG-1,3
GACGGCTAGATCTGCT-1,2
GACGGCTAGCCCAACC-1,3
GACGGCTAGGATGTAT-1,3
GACGTGCCATGTAAGA-1,2
GACGTTAAGCTGGAAC-1,2
GACGTTAAGTCTTGCA-1,3
GACTAACGTCTCTTTA-1,3
GACTAACTCCGCATCT-1,2
GACTACATCCTGTACC-1,1
GACTGCGAGTGTCCCG-1,3
GACTGCGCACGTTGGC-1,3
GACTGCGCAGGAATCG-1,2
GAGCAGAAGAATGTGT-1,1
GAGCAGACATAAGACA-1,2
GAGCAGACATCCCACT-1,3
GAGCAGAGTTCACCTC-1,3
GAGCAGAGTTGGTGGA-1,1
GAGCAGATCCGAATGT-1,3
GAGGTGATCGGTGTCG-1,2
GAGGTGATCTAACCGA-1,1
GAGGTGATCTGAGTGT-1,2
GAGTCCGAGCTGCAAG-1,1
GAGTCCGCAGACGCCT-1,1
GAGTCCGCAGACGCTC-1,1
GAGTCCGGTTAGGGTG-1,1
GATCAGTCAATGACCT-1,3
GATCGATAGAAAGTGG-1,1
GATCGATAGCGTGAGT-1,1
GATCGATGTACCGAGA-1,2
GATCGATGTAGTACCT-1,2
GATCGATTCGAATGGG-1,2
GATCGCGAGAGATGAG-1,3
GATCGCGAGGCTAGCA-1,2
GATCGCGGTCAGAATA-1,3
GATCGCGTCCAATGGT-1,2
GATCGTAAGTGACATA-1,3
GATCGTACAAACCCAT-1,3
GATCGTACAGATGGGT-1,2
GATCGTATCGCAGGCT-1,1
GATCTAGAGATCCCGC-1,3
GATCTAGCACGAAGCA-1,1
GATCTAGGTCACAAGG-1,2
GATCTAGGTCACTGGC-1,1
GATCTAGTCCGCTGTT-1,1
GATGAAACAATCAGAA-1,3
GATGAAAGTCGAGTTT-1,1
GATGAAAGTGTGCGTC-1,2
GATGAGGTCCTAGGGC-1,2
GATGCTACACTGCCAG-1,2
GATTCAGAGTTACGGG-1,2
GATTCAGCACCATGTA-1,2
GATTCAGCAGCTCGCA-1,3
GATTCAGGTTGTACAC-1,1
GCAAACTAGTGTCCCG-1,1
GCAAACTGTGTAACGG-1,1
GCAATCAGTACGCACC-1,2
GCAATCAGTTCAGACT-1,1
GCACATACATCTGGTA-1,2
GCACATACATGAACCT-1,3
GCACATAGTTCCACGG-1,2
GCACATATCGCACTCT-1,2
GCACATATCTTCGAGA-1,3
GCACTCTAGATAGCAT-1,1
GCACTCTAGGGATACC-1,3
GCACTCTCACGGACAA-1,4
GCACTCTCATGCCCGA-1,3
GCACTCTTCGGCGGTT-1,3
GCAGCCACAATACGCT-1,3
GCAGCCACACACGCTG-1,2
GCAGCCACATCTACGA-1,1
GCAGCCACATGTAGTC-1,2
GCAGCCATCCAGATCA-1,3
GCAGTTAAGGACCACA-1,2
GCAGTTACACCTATCC-1,1
GCATACAGTCTTGCGG-1,1
GCATGCGCAGCTGTGC-1,1
GCATGTATCCGTCATC-1,1
GCATGTATCTCTAAGG-1,2
GCCAAATCAAGCGATG-1,1
GCCAAATCACTGAAGG-1,3
GCCAAATCATCGGACC-1,4
GCCAAATTCCACGAAT-1,1
GCCAAATTCTAACCGA-1,2
GCCAAATTCTCACATT-1,3
GCCTCTAAGACAGGCT-1,1
GCCTCTACAACACCTA-1,3
GCGAGAACAAGCTGAG-1,1
GCGAGAACACGAAACG-1,2
GCGAGAAGTAAACCTC-1,3
GCGAGAAGTTAAGAAC-1,2
GCGCAACAGCTTCGCG-1,2
GCGCAACAGTGCAAGC-1,1
GCGCAACCATGACATC-1,1
GCGCAACGTTCCTCCA-1,3
GCGCAACTCTGATTCT-1,2
GCGCAGTCAAGTTAAG-1,3
GCGCAGTCAGCTCGAC-1,1
GCGCAGTGTTGGACCC-1,1
GCGCCAAAGAAGATTC-1,2
GCGCCAAGTTAAAGTG-1,2
GCGCCAATCCTTTCGG-1,3
GCGCGATGTAAGTGTA-1,1
GCGGGTTAGGGCATGT-1,2
GCGGGTTGTATAGGGC-1,2
GCTCCTACATCTGGTA-1,1
GCTCCTATCTACCTGC-1,3
GCTCCTATCTTAGAGC-1,2
GCTCTGTAGTGCTGCC-1,1
GCTCTGTGTACACCGC-1,1
GCTCTGTGTAGGGTAC-1,2
GCTCTGTTCAACGGGA-1,1
GCTCTGTTCACGACTA-1,4
GCTCTGTTCAGCTCTC-1,2
GCTGCAGAGGCTAGGT-1,1
GCTGCAGCAGACGCCT-1,1
GCTGCGAAGCGGCTTC-1,1
GCTGCGAAGGACAGAA-1,2
GCTGCTTTCATCGATG-1,1
GCTGCTTTCGCCTGTT-1,1
GCTGGGTGTAGCGCAA-1,3
GCTGGGTGTTATTCTC-1,4
GCTTCCAAGGCCGAAT-1,2
GCTTCCAAGTCGATAA-1,2
GCTTGAATCGGAAACG-1,3
GGAAAGCAGAATAGGG-1,1
GGAAAGCAGCTACCTA-1,1
GGAAAGCTCAACTCTT-1,3
GGAACTTAGCCAGAAC-1,1
GGAACTTGTAGCTTGT-1,2
GGAACTTTCATGTCCC-1,3
GGAACTTTCCGAATGT-1,3
GGAACTTTCGTCCGTT-1,2
GGAATAAGTAAATACG-1,1
GGACAAGAGATCCCGC-1,1
GGACAAGCATCCGTGG-1,1
GGACAAGGTGCCTGTG-1,1
GGACAGAAGGATCGCA-1,2
GGACAGAGTGTCAATC-1,2
GGACAGATCCATGAAC-1,1
GGACAGATCCCAAGAT-1,2
GGACATTCAAACAACA-1,1
GGACATTCAAAGGTGC-1,3
GGACATTTCAACGAAA-1,3
GGACATTTCTTGAGAC-1,1
GGACGTCGTCCGACGT-1,3
GGACGTCTCGGACAAG-1,3
GGAGCAACACTTAAGC-1,2
GGAGCAACAGCCACCA-1,3
GGATGTTCACGACTCG-1,2
GGATGTTCATGCGCAC-1,2
GGATGTTGTGATGCCC-1,2
GGATGTTTCAACCAAC-1,2
GGATGTTTCTGGTTCC-1,1
GGATTACGTCCAGTAT-1,3
GGATTACTCCGTACAA-1,2
GGCCGATAGCTGTCTA-1,3
GGCCGATCACACTGCG-1,4
GGCCGATCACCTATCC-1,3
GGCCGATGTATTCTCT-1,3
GGCCGATGTCGTGGCT-1,1
GGCGACTGTACATCCA-1,2
GGCGACTGTGAGTATA-1,1
GGCGTGTCAATGGTCT-1,3
GGCTCGAAGTGAAGTT-1,3
GGCTCGACACAGACTT-1,4
GGCTCGAGTCTTGATG-1,2
GGCTCGATCATGTCTT-1,1
GGCTGGTAGCTGGAAC-1,1
GGCTGGTAGGGAGTAA-1,1
GGCTGGTCAATGTTGC-1,2
GGCTGGTTCTGGTATG-1,1
GGGAATGAGTACGATA-1,2
GGGACCTGTTCCCTTG-1,2
GGGACCTGTTGGTTTG-1,3
GGGACCTTCACAATGC-1,3
GGGAGATTCGTCTGCT-1,2
GGGATGATCCTTTCTC-1,1
GGGCACTTCACCATAG-1,1
GGGCATCGTCCAGTGC-1,2
GGGCATCTCACTTATC-1,2
GGGCATCTCGAGAGCA-1,2
GGGTCTGAGTTAAGTG-1,2
GGGTCTGCATGAGCGA-1,2
GGGTCTGGTGTGGCTC-1,2
GGGTCTGGTTACGACT-1,1
GGGTTGCCAGCCTATA-1,3
GGTATTGGTGCAGGTA-1,1
GGTATTGTCAGCCTAA-1,2
GGTATTGTCGTGGTCG-1,1
GGTGAAGCAACGATCT-1,2
GGTGAAGCAGCCTATA-1,2
GGTGAAGTCTATGTGG-1,2
GGTGCGTAGTCGTACT-1,1
GGTGCGTGTGCACCAC-1,2
GGTGTTACACACCGCA-1,2
GGTGTTACATGCCTTC-1,2
GGTGTTAGTAAGTTCC-1,1
GGTGTTAGTGTAAGTA-1,3
GGTGTTAGTTACGGAG-1,3
GGTGTTATCAGCACAT-1,2
GTAACGTAGCACACAG-1,1
GTAACGTAGTGAATTG-1,3
GTAACGTCATCGGAAG-1,1
GTAACGTGTCTTGCGG-1,3
GTAACTGAGACCACGA-1,3
GTAACTGTCGTAGATC-1,3
GTACGTACAGCTGCAC-1,1
GTACGTACATTGGTAC-1,2
GTACGTATCGTGGTCG-1,2
GTACTCCTCAAACCAC-1,2
GTACTTTAGCCCGAAA-1,2
GTACTTTGTACCGCTG-1,3
GTACTTTGTCCGTCAG-1,2
GTACTTTTCAAACCAC-1,2
GTACTTTTCTAACCGA-1,1
GTACTTTTCTTTACGT-1,1
GTAGGCCAGCGATGAC-1,3
GTAGGCCCATCGGTTA-1,2
GTATCTTAGCATCATC-1,1
GTATCTTTCAGTCAGT-1,3
GTATCTTTCCTTAATC-1,1
GTATCTTTCTTTCCTC-1,2
GTCAAGTCATACGCTA-1,3
GTCAAGTTCGGTTCGG-1,3
GTCATTTTCACCATAG-1,1
GTCCTCACACGAGGTA-1,1
GTCCTCATCGCAAGCC-1,2
GTCGGGTCAGGTCTCG-1,3
GTCGGGTGTAGCCTCG-1,2
GTCGGGTTCAGTTTGG-1,1
GTCTCGTAGCTAAACA-1,2
GTCTTCGCACTCAGGC-1,3
GTCTTCGGTCGGCACT-1,2
GTCTTCGGTTGATTCG-1,4
GTCTTCGTCCATGAGT-1,1
GTGAAGGAGAGCTGCA-1,2
GTGAAGGCAGAAGCAC-1,2
GTGAAGGGTTGGTAAA-1,3
GTGAAGGTCTTCGAGA-1,3
GTGCAGCCACATCCAA-1,3
GTGCATAAGTGTTTGC-1,4
GTGCATATCCGTACAA-1,1
GTGCATATCGAACTGT-1,1
GTGCGGTCACACCGCA-1,1
GTGCGGTCATCTGGTA-1,1
GTGGGTCGTAAATGTG-1,1
GTGGGTCGTCGCATAT-1,1
GTGTGCGTCCTTCAAT-1,1
GTGTTAGAGCTGATAA-1,1
GTGTTAGAGTGTCCAT-1,1
GTGTTAGGTCCATCCT-1,4
GTGTTAGTCGTTTATC-1,1
GTGTTAGTCTCTGTCG-1,3
GTTAAGCAGACAGGCT-1,2
GTTAAGCCACATAACC-1,3
GTTAAGCGTGGTTTCA-1,4
GTTAAGCGTTCGTGAT-1,1
GTTACAGCATTTCAGG-1,1
GTTCATTCACTGTTAG-1,1
GTTCGGGAGGCTCAGA-1,2
GTTCGGGAGGGAAACA-1,3
GTTCGGGCAAGCTGTT-1,3
GTTCGGGCAATCCAAC-1,1
GTTCGGGGTCATACTG-1,2
GTTCGGGGTGCAGTAG-1,1
GTTCGGGTCGCGATCG-1,1
GTTCTCGAGTACGCCC-1,2
GTTTCTATCCGCGGTA-1,3
GTTTCTATCTGGCGTG-1,3
TAAACCGAGTATCGAA-1,4
TAAACCGCATCCTAGA-1,3
TAAACCGGTGATAAGT-1,4
TAAACCGTCTAACTCT-1,1
TAAGAGAAGGCCCTCA-1,1
TAAGAGACATGCATGT-1,2
TAAGAGAGTACTTAGC-1,3
TAAGCGTAGGATGCGT-1,1
TAAGCGTCAACTGCGC-1,1
TAAGCGTCAGCTCGCA-1,1
TACAGTGAGCTGTTCA-1,3
TACAGTGAGTGTACTC-1,1
TACAGTGCACACCGAC-1,1
TACAGTGTCAACACAC-1,3
TACAGTGTCATGCAAC-1,3
TACCTATCAGCTATTG-1,1
TACCTATGTTCGTGAT-1,3
TACCTTACATAAGACA-1,1
TACCTTATCCGCAGTG-1,3
TACGGATCACCGCTAG-1,3
TACGGGCCAGGAATCG-1,1
TACGGGCCAGTACACT-1,1
TACGGGCGTCGCGGTT-1,2
TACGGTAAGCAATCTC-1,3
TACGGTAGTACCGAGA-1,2
TACGGTAGTCAACTGT-1,1
TACTCATAGATCTGCT-1,4
TACTCATAGCGCCTCA-1,1
TACTCATAGGGATCTG-1,2
TACTCATCAGAGTGTG-1,2
TACTCGCCACGGACAA-1,1
TACTCGCCATGCTAGT-1,4
TACTCGCTCCAGATCA-1,1
TACTTACGTAATAGCA-1,2
TACTTACGTTGTGGAG-1,2
TACTTACTCCGTTGTC-1,1
TAGACCAAGCGCTCCA-1,2
TAGACCAAGGGTTTCT-1,3
TAGACCACATGTAAGA-1,1
TAGACCAGTCTAGAGG-1,2
TAGAGCTAGCTCCTTC-1,2
TAGAGCTCACGTTGGC-1,3
TAGCCGGGTCCTAGCG-1,2
TAGGCATAGAATTCCC-1,1
TAGTGGTAGTTACGGG-1,1
TAGTGGTTCATTGCGA-1,1
TAGTTGGCACGTGAGA-1,2
TAGTTGGCATCCCATC-1,1
TAGTTGGGTCCGTTAA-1,3
TATCAGGAGAGCTGCA-1,3
TATCAGGAGCCAGAAC-1,1
TATCAGGAGCCCAACC-1,1
TATCAGGAGTGAACGC-1,2
TATCAGGAGTTCCACA-1,3
TATCTCATCCATGAAC-1,3
TATCTCATCCGTCAAA-1,2
TATGCCCTCGGCATCG-1,1
TATGCCCTCTTCCTTC-1,2
TATTACCAGAGTCTGG-1,1
TCAACGACAGTCCTTC-1,1
TCAACGAGTTCCACAA-1,2
TCAACGATCAGTTCGA-1,1
TCAACGATCCAAGCCG-1,3
TCAATCTAGTTAGCGG-1,2
TCACAAGAGATCTGCT-1,2
TCACAAGGTCCAAGTT-1,2
TCACAAGGTCGTGGCT-1,1
TCACAAGTCCGCAGTG-1,1
TCACGAAAGTTTAGGA-1,1
TCACGAACAACTTGAC-1,2
TCACGAAGTACCGCTG-1,2
TCACGAAGTTGGAGGT-1,2
TCACGAATCAATCACG-1,3
TCACGAATCACAACGT-1,3
TCAGATGAGAATTCCC-1,1
TCAGATGCAATAGCGG-1,3
TCAGATGGTTGTCGCG-1,1
TCAGCAACATTGCGGC-1,2
TCAGGATAGGCTAGGT-1,1
TCAGGATAGTCATGCT-1,2
TCAGGATCAACGATGG-1,2
TCAGGATCATGGTCAT-1,1
TCAGGATGTCTTCTCG-1,3
TCAGGTAGTGACCAAG-1,3
TCATTACCACCCTATC-1,1
TCATTACTCAACACTG-1,3
TCATTTGAGTTACGGG-1,1
TCATTTGGTCTTCTCG-1,4
TCATTTGGTGACCAAG-1,2
TCATTTGTCTCCGGTT-1,2
TCCACACAGACACGAC-1,2
TCCACACCACGGCGTT-1,3
TCCCGATCACGCCAGT-1,1
TCCCGATCATTCACTT-1,2
TCGAGGCCAAGCCGCT-1,4
TCGCGAGAGGGTGTTG-1,1
TCGCGAGCACGGTAAG-1,1
TCGCGAGCAGGACGTA-1,2
TCGCGAGTCCATTCTA-1,1
TCGCGTTAGACTAGGC-1,2
TCGCGTTCACAGATTC-1,1
TCGCGTTCACCGCTAG-1,3
TCGCGTTTCCGCATCT-1,2
TCGGGACAGAGACTAT-1,2
TCGGGACGTCACTTCC-1,3
TCGGTAAAGTGAACGC-1,2
TCGGTAACATAGAAAC-1,2
TCGGTAACATGGTCAT-1,2
TCGGTAAGTCCAAGTT-1,1
TCGGTAAGTCTCACCT-1,1
TCGGTAATCCGCTGTT-1,3
TCGGTAATCTGCCCTA-1,3
TCGTACCCAGCCTATA-1,3
TCGTACCGTCACCTAA-1,1
TCGTAGAAGTACGCGA-1,1
TCGTAGACAATCTACG-1,3
TCGTAGAGTGTTCGAT-1,1
TCGTAGAGTGTTTGTG-1,1
TCGTAGATCCGCGCAA-1,2
TCTATTGCACGGACAA-1,2
TCTATTGGTAAGTGGC-1,3
TCTATTGGTAGAAAGG-1,1
TCTATTGTCCCTAACC-1,2
TCTATTGTCGCCGTGA-1,3
TCTATTGTCTATCCCG-1,3
TCTCTAAAGACCACGA-1,1
TCTCTAAAGATCTGAA-1,1
TCTCTAAGTGAGGCTA-1,1
TCTGAGATCAGAGGTG-1,1
TCTGGAATCCCGACTT-1,3
TCTTCGGAGCTAGCCC-1,1
TCTTCGGCATGTCGAT-1,1
TCTTCGGGTCCTCCAT-1,2
TCTTCGGGTCTGGTCG-1,1
TCTTTCCGTCGCATCG-1,3
TGAAAGAAGAATCTCC-1,1
TGAAAGAAGCGTGAGT-1,3
TGAAAGAAGTGGAGTC-1,3
TGAAAGACATGCAATC-1,4
TGAAAGAGTCCTCCAT-1,1
TGAAAGAGTCTTGCGG-1,3
TGACAACCAATGGACG-1,1
TGACAACCATACTCTT-1,3
TGACAACCATTACGAC-1,3
TGACAACTCTTCATGT-1,2
TGACGGCCATCTCCCA-1,3
TGACGGCCATTAACCG-1,1
TGACTAGGTCATATGC-1,3
TGACTAGTCACAATGC-1,1
TGACTAGTCATACGGT-1,1
TGACTAGTCCCAACGG-1,2
TGACTAGTCGAACGGA-1,2
TGAGAGGAGCGTTCCG-1,1
TGAGAGGAGTCACGCC-1,2
TGAGAGGCAAGTTAAG-1,1
TGAGAGGTCACGACTA-1,1
TGAGCATAGAATTCCC-1,3
TGAGCATAGACGACGT-1,2
TGAGCATAGTTACCCA-1,2
TGAGCATCAGCTGTAT-1,1
TGAGCATCATCGGGTC-1,3
TGAGCATGTTTGGCGC-1,3
TGAGCCGGTGAGGCTA-1,3
TGAGCCGGTGATGTCT-1,2
TGAGGGAAGCTAACAA-1,1
TGAGGGAAGGCGCTCT-1,2
TGAGGGAGTAAGTTCC-1,3
TGATTTCAGAATTGTG-1,3
TGATTTCAGCTAGTCT-1,3
TGATTTCAGGATGGTC-1,1
TGATTTCAGGCAGGTT-1,1
TGATTTCGTACGACCC-1,2
TGATTTCGTCTTCGTC-1,2
TGCACCTAGGATGGTC-1,1
TGCACCTAGTTCCACA-1,3
TGCACCTCATGGGAAC-1,1
TGCACCTGTTGGACCC-1,1
TGCACCTTCTCAACTT-1,3
TGCCAAACAGCTATTG-1,3
TGCCAAACATTGGTAC-1,2
TGCCAAATCGCCAGCA-1,1
TGCCCATTCTAGCACA-1,2
TGCCCTAAGTCCTCCT-1,4
TGCGCAGAGTGTACCT-1,4
TGCGCAGAGTTGTAGA-1,2
TGCGGGTTCGTAGATC-1,3
TGCGTGGAGCGAAGGG-1,4
TGCGTGGGTCAATGTC-1,1
TGCGTGGGTCGATTGT-1,2
TGCTACCAGAAGGACA-1,2
TGCTACCAGGCTCATT-1,1
TGCTGCTAGCTGAAAT-1,3
TGCTGCTCAAGACGTG-1,2
TGCTGCTGTCACCCAG-1,1
TGCTGCTTCTAACTGG-1,2
TGGACGCCACCCAGTG-1,4
TGGCCAGCACCAACCG-1,3
TGGCGCAAGGCATGTG-1,3
TGGCTGGTCCTAGTGA-1,3
TGGGAAGAGAGTACCG-1,3
TGGGAAGCAATCGGTT-1,1
TGGGCGTAGAGCCCAA-1,1
TGGGCGTCAATCTGCA-1,2
TGGTTAGGTAGCGTCC-1,1
TGGTTAGTCTGAGGGA-1,1
TGGTTCCTCATGGTCA-1,4
TGTCCCAAGAATTCCC-1,3
TGTCCCAGTGCAGGTA-1,2
TGTGGTAAGTCTCCTC-1,3
TGTTCCGAGAAACCGC-1,1
TGTTCCGCATGTAAGA-1,1
TGTTCCGCATTCTCAT-1,2
TGTTCCGGTCCAGTTA-1,1
TGTTCCGTCACAGGCC-1,2
TGTTCCGTCTTCAACT-1,1
TTAACTCGTATATGAG-1,3
TTAGGACAGTTGAGAT-1,2
TTAGGACTCCAAGCCG-1,1
TTAGGACTCGCCAAAT-1,2
TTAGTTCAGTAGATGT-1,2
TTAGTTCCAGACAGGT-1,1
TTAGTTCTCTTGCCGT-1,2
TTATGCTAGTACCGGA-1,1
TTATGCTCAGCTGTGC-1,2
TTATGCTGTACCGTAT-1,2
TTCCCAGAGATATACG-1,3
TTCCCAGAGCCAGAAC-1,3
TTCCCAGCATAACCTG-1,3
TTCCCAGTCAGCGACC-1,4
TTCCCAGTCCCGGATG-1,2
TTCCCAGTCTACGAGT-1,1
TTCCCAGTCTGGGCCA-1,2
TTCGAAGAGACTGGGT-1,3
TTCGAAGGTATGAATG-1,2
TTCGGTCAGCCCTAAT-1,1
TTCGGTCAGTGAAGTT-1,2
TTCGGTCAGTGGTAAT-1,1
TTCGGTCCAAGTCATC-1,1
TTCGGTCCAGACAGGT-1,1
TTCGGTCTCACATAGC-1,3
TTCGGTCTCCAATGGT-1,3
TTCTACACACGAGAGT-1,2
TTCTACACATGCGCAC-1,1
TTCTACAGTCGCGTGT-1,1
TTCTACATCTTGCATT-1,1
TTCTCAAGTAGGGACT-1,2
TTCTTAGCAATCGAAA-1,2
TTCTTAGTCTTACCGC-1,1
TTGAACGAGGCTAGGT-1,1
TTGAACGGTGCACTTA-1,2
TTGAACGGTGTGGTTT-1,2
TTGAACGTCCGCGCAA-1,1
TTGACTTCAGGATTGG-1,3
TTGACTTGTAACGACG-1,2
TTGACTTGTCCGAACC-1,1
TTGCGTCGTCGACTGC-1,1
TTGGAACCAGACGCCT-1,3
TTGGAACGTAAGTGTA-1,4
TTGGAACGTAGGGTAC-1,2
TTGGAACTCGAGAACG-1,3
TTGGCAATCACCGTAA-1,2
TTGGCAATCACTCCTG-1,1
TTGTAGGCACCGAATT-1,3
TTGTAGGGTCACAAGG-1,4
TTGTAGGTCGGAAATA-1,1
TTTACTGAGGCAAAGA-1,3
TTTACTGCACCAGGTC-1,4
TTTACTGGTGTTGAGG-1,1
TTTACTGTCAACACAC-1,1
TTTATGCAGGTAGCTG-1,2
TTTATGCGTTTGTTTC-1,2
TTTCCTCTCTTTAGGG-1,1
TTTGCGCAGAATAGGG-1,2
TTTGGTTAGTCCAGGA-1,3
TTTGGTTGTATCTGCA-1,3
TTTGGTTTCGGTGTCG-1,2
TTTGTCACAAGTTAAG-1,1
TTTGTCAGTAATAGCA-1,2
TTTGTCAGTCTCGTTC-1,2
